{"cameraMode":{"drawMode":0,"name":"Shaded","section":"Shading Mode"},"sceneLighting":false,"audioPlay":false,"sceneViewState":{"showFog":false,"showMaterialUpdate":false,"showSkybox":true,"showFlares":false,"showImageEffects":true,"showParticleSystems":false},"in2DMode":false,"pivot":{"x":13.180315971374512,"y":29.45936393737793,"z":-3.7095041275024416},"rotation":{"x":0.0000531316727574449,"y":0.9840638637542725,"z":-0.17786003649234773,"w":0.0002955620002467185},"size":15.125945091247559,"orthographic":false}