{"cameraMode":{"drawMode":0,"name":"Shaded","section":"Shading Mode"},"sceneLighting":false,"audioPlay":false,"sceneViewState":{"showFog":false,"showMaterialUpdate":false,"showSkybox":true,"showFlares":false,"showImageEffects":true,"showParticleSystems":false},"in2DMode":false,"pivot":{"x":26.167388916015626,"y":33.196022033691409,"z":0.09224384278059006},"rotation":{"x":-0.001024132245220244,"y":-0.9968785047531128,"z":0.07791460305452347,"w":-0.013134194537997246},"size":9.741756439208985,"orthographic":false}