{"cameraMode":{"drawMode":0,"name":"Shaded","section":"Shading Mode"},"sceneLighting":false,"audioPlay":false,"sceneViewState":{"showFog":false,"showMaterialUpdate":false,"showSkybox":true,"showFlares":false,"showImageEffects":true,"showParticleSystems":false},"in2DMode":false,"pivot":{"x":-32.0600471496582,"y":4.832492351531982,"z":24.35175132751465},"rotation":{"x":0.33922553062438967,"y":-0.04480713605880737,"z":0.016178330406546594,"w":0.9395089149475098},"size":41.39704132080078,"orthographic":false}