{"cameraMode":{"drawMode":0,"name":"Shaded","section":"Shading Mode"},"sceneLighting":false,"audioPlay":false,"sceneViewState":{"showFog":false,"showMaterialUpdate":false,"showSkybox":true,"showFlares":false,"showImageEffects":true,"showParticleSystems":false},"in2DMode":false,"pivot":{"x":-35.72172164916992,"y":5.592457294464111,"z":119.35176086425781},"rotation":{"x":0.08677279949188233,"y":-0.05193566158413887,"z":0.004530942998826504,"w":0.9948723912239075},"size":35.34621810913086,"orthographic":false}