{"cameraMode":{"drawMode":0,"name":"Shaded","section":"Shading Mode"},"sceneLighting":false,"audioPlay":false,"sceneViewState":{"showFog":false,"showMaterialUpdate":false,"showSkybox":true,"showFlares":false,"showImageEffects":true,"showParticleSystems":false},"in2DMode":false,"pivot":{"x":13.684000015258789,"y":27.546689987182618,"z":0.10224384069442749},"rotation":{"x":-0.002245059236884117,"y":-0.9976873993873596,"z":0.054237496107816699,"w":-0.04132046550512314},"size":7.657076358795166,"orthographic":false}