{"cameraMode":{"drawMode":0,"name":"Shaded","section":"Shading Mode"},"sceneLighting":false,"audioPlay":false,"sceneViewState":{"showFog":true,"showMaterialUpdate":false,"showSkybox":true,"showFlares":true,"showImageEffects":true,"showParticleSystems":true},"in2DMode":false,"pivot":{"x":-46.576995849609378,"y":5.350198268890381,"z":77.84388732910156},"rotation":{"x":-0.08228760957717896,"y":0.7062398791313171,"z":-0.08323067426681519,"w":-0.6982353329658508},"size":36.912071228027347,"orthographic":false}